"id","rot","participant"
"gs_3105","30implicit",1
"ec_1706","30implicit",2
"sm_1601","30implicit",3
"as_1601","30implicit",4
"ma_1506","30implicit",5
"ag_0906","30implicit",6
"pa_0416","30implicit",7
"sa_1406","30implicit",8
"lw_1306","30implicit",9
"fs_1011","30implicit",10
"nj_1406","30implicit",11
"ja_1606","30implicit",12
"zw_2609","30implicit",13
"az_1306","30implicit",14
"pe_0416","30implicit",15
"bh_1506","30implicit",16
"bd_3105","30implicit",17
"ay_1506","30implicit",18
"cf_1706","30implicit",19
"ns_1905","30explicit",20
"ac_2605","30explicit",21
"ab_1905","30explicit",22
"mr_2405","30explicit",23
"cl_1105","30explicit",24
"ah_2505","30explicit",25
"dr_2705","30explicit",26
"jm_2605","30explicit",27
"dp_2005","30explicit",28
"ka_1905","30explicit",29
"hr_1305","30explicit",30
"so_2405","30explicit",31
"mi_1905","30explicit",32
"hf_1805","30explicit",33
"jw_2505","30explicit",34
"ho_2405","30explicit",35
"sk_1705","30explicit",36
"ps_1705","30explicit",37
"rd_3105","60implicit_b",38
"cg_2206","60implicit_b",39
"ad_0206","60implicit_b",40
"yl_1005","60implicit_b",41
"ho_1406","60implicit_b",42
"ap_0106","60implicit_b",43
"ts_1505","60implicit_b",44
"mb_1205","60implicit_b",45
"pb_2306","60implicit_b",46
"ss_2505","60implicit_b",47
"sc_0106","60implicit_b",48
"ud_2605","60implicit_b",49
"nb_1505","60implicit_b",50
"jl_1406","60implicit_b",51
"dd_1506","60implicit_b",52
"ss_1005","60implicit_b",53
"mc_0806","60implicit_b",54
"ej_2106","60implicit_b",55
"sh_1005","60implicit_b",56
"vb_0706","60explicit_b",57
"im_1705","60explicit_b",58
"ns_2405","60explicit_b",59
"ap_1705","60explicit_b",60
"rr_2206","60explicit_b",61
"mb_0206","60explicit_b",62
"ys_1605","60explicit_b",63
"bg_0705","60explicit_b",64
"mw_0706","60explicit_b",65
"da_1505","60explicit_b",66
"tp_2405","60explicit_b",67
"he_0906","60explicit_b",68
"mp_0906","60explicit_b",69
"ak_0106","60explicit_b",70
"sa_2106","60explicit_b",71
"nj_3105","60explicit_b",72
"ag_1606","60explicit_b",73
"sd_2505","60explicit_b",74
"at_1605","60explicit_b",75
"pa_0906","60explicit_b",76
"ym_2206","60explicit_b",77
"fm_1406","60explicit_b",78
"cn_2205","60explicit_b",79
"cp_1201","cursorjump",80
"cr_2206","cursorjump",81
"cr_2106","cursorjump",82
"ar_1908","cursorjump",83
"mc_2110","cursorjump",84
"oi_2006","cursorjump",85
"pn_2106","cursorjump",86
"va_0202","cursorjump",87
"pa_2006","cursorjump",88
"rk_1201","cursorjump",89
"sm_2510","cursorjump",90
"jl_0211","cursorjump",91
"ns_1311","cursorjump",92
"sk_2410","cursorjump",93
"ps_2610","cursorjump",94
"fk_2510","cursorjump",95
"ja_2610","cursorjump",96
"ls_1201","cursorjump",97
"ms_2410","cursorjump",98
"jy_2206","cursorjump",99
"nd_0212","org30implicit",128
"ta_0205","org30implicit",129
"ae_0225","org30implicit",130
"tp_0210","org30implicit",131
"mp_0216","org30implicit",132
"nm_0122","org30implicit",133
"kn_0212","org30implicit",134
"sk_0209","org30implicit",135
"sk_0210","org30implicit",136
"jv_1901","org30implicit",137
"sm_2601","org30implicit",138
"sh_0403","org30implicit",139
"ha_1501","org30explicit",140
"sb_1501","org30explicit",141
"hp_0205","org30explicit",142
"ap_1201","org30explicit",143
"sm_0122","org30explicit",144
"kb_0209","org30explicit",145
"pa_0216","org30explicit",146
"op_1901","org30explicit",147
"te_0202","org30explicit",148
"sn_0310","org30explicit",149
"dl_0127","org30explicit",150
"ji_0216","org30explicit",151
"am_0301","org30explicit",152
"ab_2601","60implicit",153
"sp_0310","60implicit",154
"kh_1911","60implicit",155
"th_0710","60implicit",156
"am_2211","60implicit",157
"nl_3009","60implicit",158
"mk_2301","60implicit",159
"mo_0710","60implicit",160
"jc_2710","60implicit",161
"cl_1701","60implicit",162
"mj_1411","60implicit",163
"cm_2710","60implicit",164
"fa_1301","60implicit",165
"dy_2511","60implicit",166
"aa_1301","60implicit",167
"nm_3009","60implicit",168
"el_2810","60implicit",169
"mc_0410","60implicit",170
"as_1309","60explicit",171
"ae_2211","60explicit",172
"ap_1301","60explicit",173
"me_0311","60explicit",174
"jl_2601","60explicit",175
"yp_1901","60explicit",176
"dc_1901","60explicit",177
"op_2811","60explicit",178
"jw_0410","60explicit",179
"mn_0610","60explicit",180
"ps_1801","60explicit",181
"gs_1910","60explicit",182
"bs_1710","60explicit",183
"gk_2811","60explicit",184
"sm_1805","60explicit",185
"jr_2209","60explicit",186
"ap_2010","60explicit",187
"sm_1909","60explicit",188
"bb_1609","60explicit",189
"bf_3237","handview",190
"bw_3254","handview",191
"rg_0410","handview",192
"bb_3233","handview",193
"cb_3260","handview",194
"bj_3241","handview",195
"bp_3247","handview",196
"by_3256","handview",197
"ca_3259","handview",198
"bd_3235","handview",199
"be_3236","handview",200
"bg_3238","handview",201
"bl_3243","handview",202
"br_3249","handview",203
"bz_3257","handview",204
"bk_3242","handview",205
"bh_3239","handview",206
"bc_3234","handview",207
"bn_3245","handview",208
"bs_3250","handview",209
"bt_3251","handview",210
"bq_3248","handview",211
"bo_3246","handview",212
"cc_3261","handview",213
"s07","sEDS",214
"s11","sEDS",215
"s19","sEDS",216
"s42","sEDS",217
"s08","sEDS",218
"s04","sEDS",219
"s43","sEDS",220
"s20","sEDS",221
"s06","sEDS",222
"s13","sEDS",223
"s10","sEDS",224
"s44","sEDS",225
"s45","sEDS",226
"jc_2309","aging_implicit",100
"bh_0608","aging_implicit",101
"jf_0804","aging_implicit",102
"tf_0831","aging_implicit",103
"fe_1710","aging_implicit",104
"rc_1608","aging_implicit",105
"co_0407","aging_implicit",106
"bj_2404","aging_implicit",107
"ch_3006","aging_implicit",108
"bb_2906","aging_implicit",109
"af_0111","aging_implicit",110
"jd_1007","aging_implicit",111
"ao_1608","aging_implicit",112
"hd_0310","aging_implicit",113
"mm_2306","aging_explicit",114
"ta_0607","aging_explicit",115
"pe_1207","aging_explicit",116
"mn_1307","aging_explicit",117
"mj_2706","aging_explicit",118
"cp_2509","aging_explicit",119
"cp_0412","aging_explicit",120
"bd_0707","aging_explicit",121
"gj_2906","aging_explicit",122
"jn_0203","aging_explicit",123
"mv_0807","aging_explicit",124
"nb_1807","aging_explicit",125
"hb_0407","aging_explicit",126
"ck_1010","aging_explicit",127
